student1,first1,last1,1009991,email1
student2,first2,last2,1009992,email2
student3,first3,last3,1009993,email3
student4,first4,last4,1009994,email4
student5,first5,last5,1009995,email5
student6,first6,last6,1009996,email6
student7,first7,last7,1009997,email7
student8,first8,last8,1009998,email8
student9,first9,last9,1009999,email9
student10,first10,last10,10099910,email10
student11,first11,last11,10099911,email11
student12,first12,last12,10099912,email12
student13,first13,last13,10099913,email13
student14,first14,last14,10099914,email14
student15,first15,last15,10099915,email15
student16,first16,last16,10099916,email16
student17,first17,last17,10099917,email17
student18,first18,last18,10099918,email18
student19,first19,last19,10099919,email19
student20,first20,last20,10099920,email20
student21,first21,last21,10099921,email21
student22,first22,last22,10099922,email22
student23,first23,last23,10099923,email23
student24,first24,last24,10099924,email24
student25,first25,last25,10099925,email25
student26,first26,last26,10099926,email26
student27,first27,last27,10099927,email27
student28,first28,last28,10099928,email28
student29,first29,last29,10099929,email29
student30,first30,last30,10099930,email30
student31,first31,last31,10099931,email31
student32,first32,last32,10099932,email32
student33,first33,last33,10099933,email33
student34,first34,last34,10099934,email34
student35,first35,last35,10099935,email35
student36,first36,last36,10099936,email36
student37,first37,last37,10099937,email37
student38,first38,last38,10099938,email38
student39,first39,last39,10099939,email39
student40,first40,last40,10099940,email40
student41,first41,last41,10099941,email41
student42,first42,last42,10099942,email42
student43,first43,last43,10099943,email43
student44,first44,last44,10099944,email44
student45,first45,last45,10099945,email45
student46,first46,last46,10099946,email46
student47,first47,last47,10099947,email47
student48,first48,last48,10099948,email48
student49,first49,last49,10099949,email49
student50,first50,last50,10099950,email50
student51,first51,last51,10099951,email51
student52,first52,last52,10099952,email52
student53,first53,last53,10099953,email53
student54,first54,last54,10099954,email54
student55,first55,last55,10099955,email55
student56,first56,last56,10099956,email56
student57,first57,last57,10099957,email57
student58,first58,last58,10099958,email58
student60,first60,last60,10099960,email60
student61,first61,last61,10099961,email61
student62,first62,last62,10099962,email62
student63,first63,last63,10099963,email63
student64,first64,last64,10099964,email64
student65,first65,last65,10099965,email65
student66,first66,last66,10099966,email66
student67,first67,last67,10099967,email67
student68,first68,last68,10099968,email68
student69,first69,last69,10099969,email69
student70,first70,last70,10099970,email70
student71,first71,last71,10099971,email71
student72,first72,last72,10099972,email72
student73,first73,last73,10099973,email73
student74,first74,last74,10099974,email74
student75,first75,last75,10099975,email75
student76,first76,last76,10099976,email76
student77,first77,last77,10099977,email77
student78,first78,last78,10099978,email78
